<?xml version="1.0" encoding="UTF-8"?>
<FeatureMinRevs version="1.2">
  <feature>
    <name>ForceResolution</name>
    <minFWRev>5.2.33</minFWRev>
  </feature>
  <feature>
    <name>CustomSplashScreen</name>
    <minFWRev>5.2.33</minFWRev>
  </feature>
  <feature>
    <name>ShowHideVideoZone</name>
    <minFWRev>6.0.32</minFWRev>
  </feature>
  <feature>
    <name>BypassProxy</name>
    <minFWRev>5.2.28</minFWRev>
  </feature>
  <feature>
    <name>ContentEncryption</name>
    <minFWRev>6.0.59</minFWRev>
  </feature>
  <feature>
    <name>HtmlSetTransform</name>
    <minFWRev>6.1.6</minFWRev>
  </feature>
</FeatureMinRevs>
